STREET_NAME,CITY,PROVINCE,EST_POSTAL_CODE
AV TERRY-FOX,NEW RICHMOND,QC,G0C 2B0
AV TERRY-FOX,ROUYN-NORANDA,QC,J9X 6W5
CH TERRY-FOX,GATINEAU,QC,J9J 2Y4
CH TERRY-FOX,MANSFIELD,QC,J0X 1R0
CH TERRY-FOX,LUSKVILLE,QC,J0X 2G0
IMP TERRY-FOX,SAINT-HYACINTHE,QC,J2S 8Y1
PLACE TERRY-FOX,KIRKLAND,QC,H9H 4Z5
RUE TERRY-FOX,CLARENCEVILLE,QC,J0J 1B0
RUE TERRY-FOX,KIRKLAND,QC,H9H 4N1
RUE TERRY-FOX,MONT-TREMBLANT,QC,J8E 2M1
RUE TERRY-FOX,SAINT-EUSTACHE,QC,J7P 5C6
RUE TERRY-FOX,LAVAL,QC,H7T 3B4
RUE TERRY-FOX,MASCOUCHE,QC,J7K 3S2
RUE TERRY-FOX,SAINT-APOLLINAIRE,QC,G0S 2E0
RUE TERRY-FOX,VERDUN,QC,H3E 1L4
RUE TERRY-FOX,BRISTOL,QC,J0X 1G0
RUE TERRY-FOX,BRYSON,QC,J0X 1H0
TERRY FOX AVE,ABBOTSFORD,BC,V2S 6S5
TERRY FOX AVE,CARLETON PLACE,ON,K7C 4G2
TERRY FOX DR,BRIGHTON,ON,K0K 1H0
TERRY FOX DR,KANATA,ON,K2K 2E7
TERRY FOX DR,KINGSTON,ON,K7M 8N4
TERRY FOX PL,SAULT STE. MARIE,ON,P6A 6M9
TERRY FOX ST,MARKHAM,ON,L6B 0W1
TERRY FOX WAY,MISSISSAUGA,ON,L5V 1R7
